Referencia Interna,Titulo,Descripción web,Inventario real,Aliado,Imagen,ID e-kommers,Precio,Cuotas,Peso,Enviable,Digital
0001-T,Asus Vivobook go 15,"El ASUS Vivobook Go 15 es un portátil ligero y delgado, ideal para la productividad diaria y el entretenimiento gracias a su diseño portátil. Ofrece una experiencia visual inmersiva con su pantalla Full HD de 15.6 pulgadas, disponible en versión OLED con colores vibrantes y negros profundos . Está potenciado por procesadores AMD Ryzen de hasta 4 núcleos y gráficos Radeon, que brindan un rendimiento eficiente para tareas cotidianas . Cuenta con 8GB o 16GB de memoria RAM LPDDR5 y un rápido almacenamiento SSD de 512GB para una respuesta ágil del sistema . Su conectividad incluye puertos USB-C, USB-A y HDMI 1.4, además de Wi-Fi 6E y Bluetooth 5.3 . Con un peso de aproximadamente 1.63 kg y un chasis con certificación militar MIL-STD-810H, es resistente y fácil de transportar .",12,Compurama,https://imgur.com/a/TOqdKZL,0001-T,"649,6",3,,TRUE,FALSE
0002-T,Asus Vivobook go 14,"El ASUS Vivobook Go 14 es un portátil ligero y compacto diseñado para la productividad diaria y el entretenimiento donde quiera que vayas . Su diseño delgado y elegante, con un peso de aproximadamente 1.3 kg, facilita llevarlo a clase, la oficina o un café . Cuenta con una bisagra de 180° que permite compartir contenido fácilmente con quienes te rodean . Además, ha sido sometido a pruebas de durabilidad que cumplen con el estándar militar estadounidense MIL-STD-810H, garantizando su resistencia en el día a día",2, ,https://imgur.com/a/BzjHazZ,0002-T,"719,2",3,,TRUE,FALSE
0003-T,Dell Inspiron 15 3250,"La Dell Inspiron 15 3000 es una laptop confiable y funcional, ideal para estudiantes, trabajo remoto y el uso diario en el hogar. Con su pantalla de 15.6 pulgadas, ofrece una experiencia visual cómoda para navegar por internet, ver películas, realizar videollamadas y tareas de productividad como editar documentos y hojas de cálculo . Su diseño práctico y su rendimiento equilibrado la convierten en una herramienta accesible para las tareas cotidianas .

Características Principales:

Procesador: AMD Ryzen 3 3250U (2.6 GHz, hasta 3.5 GHz, 2 núcleos, 4 hilos) . Este procesador ofrece un rendimiento sólido para multitarea básica y aplicaciones de oficina .

Pantalla: Pantalla de 15.6 pulgadas. Dependiendo de la configuración, puede ser FHD (1920 x 1080) con tecnología WVA y antirreflejo, o HD (1366 x 768) . La versión FHD ofrece colores vivos y buenos ángulos de visión .

Memoria y Almacenamiento:

RAM: Generalmente 8GB DDR4 (ampliable en algunos modelos) .

Almacenamiento: Ofrece varias opciones, incluyendo SSD de 256GB para una mayor rapidez, o configuraciones con disco duro HDD de 1TB para maximizar la capacidad .

Gráficos: Integrados AMD Radeon Vega 3, suficientes para reproducción de video y tareas cotidianas .

Batería: Batería de 3 celdas y 41 Wh que ofrece una autonomía aceptable para un día de trabajo o estudio . Cuenta con tecnología ExpressCharge para cargar rápidamente hasta el 80% en 60 minutos .

Conectividad y Puertos:

Puertos: 1 x USB 2.0, 2 x USB 3.2 Gen 1, 1 x HDMI 1.4, 1 x conector de audio, 1 x lector de tarjetas SD y 1 x puerto Ethernet RJ45 .

Inalámbrico: Wi-Fi 5 (802.11ac) y Bluetooth .

Diseño y Características Adicionales:

Diseño: Acabado con aspecto metálico en colores como Plata o Negro Carbón .

Teclado: Teclado de tamaño completo con teclas de gran tamaño y touchpad amplio. Incluye teclado numérico .

Privacidad: Objetivo de privacidad física para la cámara web en algunos modelos .

Seguridad: Lector de huella digital opcional .

Sistema Operativo: Windows 10 o Windows 11, dependiendo de la versión .",1,Compurama,https://imgur.com/a/CxTwAgl,0003-T,"788,8",3,,TRUE,FALSE
0004-T,Dell Inspiron 15 3540,"La Dell Inspiron 15 3540 es una laptop potente y versátil diseñada para usuarios que exigen rendimiento sin sacrificar portabilidad. Equipada con un procesador Intel Core i7 de 12ª generación, este equipo ofrece la potencia necesaria para manejar multitarea avanzada, edición de contenido, aplicaciones profesionales y entretenimiento fluido, todo en un elegante chasis delgado y ligero.",1,Compurama,https://imgur.com/a/PtoXIRN,0004-T,"1154,2",3,,TRUE,FALSE
0005-T,HP 15-fd0130wm,"La HP 15-fd0130wm es una laptop versátil y moderna, ideal para estudiantes, profesionales y usuarios domésticos que buscan un equipo confiable para el día a día. Su diseño delgado y elegante en color azul ""Moonlight Blue"" la hace atractiva y fácil de transportar . Destaca por su pantalla táctil que permite una interacción más intuitiva, ya sea para navegar, trabajar o disfrutar de contenido multimedia . Equipada con un eficiente procesador Intel y una generosa memoria RAM, ofrece un rendimiento fluido para multitarea, aplicaciones de oficina, streaming y estudio .

Características Principales:

Procesador: Intel Core i3-N305 (8 núcleos, 8 hilos, velocidad turbo máxima de hasta 3.8 GHz). Ofrece un rendimiento eficiente y receptivo para las tareas cotidianas .

Pantalla: Pantalla táctil (Touchscreen) IPS de 15.6 pulgadas con resolución Full HD (1920 x 1080 píxeles). Los paneles IPS ofrecen colores precisos y amplios ángulos de visión .

Memoria RAM: Disponible en configuraciones de 8 GB  o 16 GB  de RAM DDR4. Proporciona una capacidad ágil para mantener múltiples aplicaciones y pestañas del navegador abiertas sin problemas de rendimiento .

Almacenamiento: Unidad de estado sólido (SSD) que varía según la configuración: 256 GB , 512 GB  o 1 TB . Garantiza un arranque rápido del sistema, apertura inmediata de programas y una mayor capacidad de respuesta general comparada con los discos duros tradicionales.

Gráficos: Gráficos integrados Intel UHD Graphics, suficientes para reproducción de video en alta definición y tareas cotidianas .

Sistema Operativo: Viene con Windows 11 Home  o Windows 11 Pro  preinstalado. Incluye una tecla dedicada para acceder rápidamente al asistente de IA Copilot, mejorando la productividad .

Conectividad y Puertos:

Puertos: 1 x USB-C, 2 x USB-A, 1 x HDMI 1.4b, 1 x conector de audio (combinado de auriculares/micrófono) y 1 x entrada de alimentación .

Inalámbrico: Wi-Fi 6 (802.11ax) y Bluetooth 5.3 o 5.4, ofreciendo conexiones rápidas, estables y modernas .

Diseño y Características Adicionales:

Cámara: Cámara frontal HP True Vision HD con obturador de privacidad para mayor seguridad .

Batería: Batería de larga duración (hasta 10 horas) con soporte para carga rápida HP Fast Charge .

Dimensiones y Peso: Aprox. 35.99 x 23.6 x 1.85 cm y un peso de alrededor de 1.6 kg, lo que la hace fácilmente transportable .

Teclado: Incluye teclado numérico completo para facilitar la entrada de datos .",1,Compurama,https://imgur.com/a/ns5ov2A,0005-T,"765,6",3,,TRUE,FALSE
0007-T,hp 15-fc0047wm,"La HP 15-fc0047wm es una laptop potente y versátil, ideal para usuarios que necesitan rendimiento para multitarea, trabajo profesional, estudio y entretenimiento. Equipada con un procesador AMD Ryzen 7 de última generación y una generosa memoria RAM de 16 GB, ofrece una experiencia fluida incluso con aplicaciones exigentes. Su pantalla táctil Full HD con tecnología IPS brinda imágenes nítidas y colores precisos, mientras que su diseño delgado y elegante en color plata (""Natural Silver"") la hace fácilmente transportable .

Características Principales:

Procesador: AMD Ryzen 7 7730U (8 núcleos, 16 hilos, velocidad base de 2.0 GHz y turbo máxima de hasta 4.5 GHz). Ofrece un rendimiento excepcional para tareas intensivas y multitarea avanzada .

Pantalla: Pantalla táctil (Touchscreen) IPS de 15.6 pulgadas con resolución Full HD (1920 x 1080 píxeles) y 300 nits de brillo. La tecnología IPS garantiza colores vibrantes y amplios ángulos de visión .

Memoria RAM: 16 GB DDR4. Proporciona una capacidad superior para mantener múltiples aplicaciones abiertas simultáneamente sin perder velocidad .

Almacenamiento: Unidad de estado sólido (SSD) M.2 NVMe PCIe de 512 GB. Ofrece arranque instantáneo del sistema, carga rápida de programas y transferencia de archivos ultrarrápida .

Gráficos: Gráficos integrados AMD Radeon. Suficientes para reproducción de video en alta definición y tareas cotidianas. Incluye tecnología AMD FreeSync para una experiencia de visualización fluida .

Sistema Operativo: Windows 11 Home preinstalado .

Conectividad y Puertos:

Puertos: 1 x USB 3.2 Tipo-C, 2 x USB 3.2 Tipo-A, 1 x HDMI, 1 x conector de audio de 3.5 mm .

Inalámbrico: Wi-Fi y Bluetooth . Según información de foros técnicos, el modelo incluye una tarjeta inalámbrica Realtek .

Batería: Batería de 3 celdas y 41 WHr, con una duración de hasta 10 horas y 45 minutos .

Diseño y Características Adicionales:

Cámara: Cámara frontal HP True Vision HD .

Teclado: Incluye teclado numérico completo para facilitar la entrada de datos .

Dimensiones y Peso: Diseño delgado y ligero, fácil de transportar .",2,Compurama,https://imgur.com/a/3tg0pOU,0007-T,1218,3,,TRUE,FALSE
0008-T,hp 15-fc0082wm,"La HP 15-fc0082wm es una laptop de gama de entrada práctica y accesible, diseñada para estudiantes, tareas escolares, navegación web y uso doméstico básico. Su distintivo color Azul Luz de Luna (Moonlight Blue) y su diseño ligero de aproximadamente 1.6 kg la convierten en una compañera ideal para llevar a clase o mover por casa. Además, incorpora materiales sostenibles en su fabricación, como plásticos reciclados.

Características Principales:

Procesador: Intel® N200 (4 núcleos, hasta 3.7 GHz con Turbo Boost). Ofrece el rendimiento necesario para tareas cotidianas como editar documentos, videollamadas y navegación web .

Memoria RAM: 4 GB DDR4-3200 MHz. Capacidad suficiente para un uso básico y fluido del sistema operativo y aplicaciones sencillas .

Almacenamiento: 128 GB SSD PCIe® NVMe™ M.2. Unidad de estado sólido que garantiza un arranque rápido del sistema y una apertura ágil de programas .

Pantalla: Pantalla de 15.6 pulgadas con resolución HD (1366 x 768). Cuenta con diseño microborde y acabado antirreflejante de 250 nits para una experiencia visual cómoda en interiores .

Gráficos: Intel® UHD Graphics (integrados), adecuados para reproducción de video y tareas sin exigencia gráfica .

Sistema Operativo: Windows 11 Home en modo S (optimizado para seguridad y rendimiento, con posibilidad de desactivar el modo S si se requiere) .

Conectividad y Puertos:

Puertos: 1 x USB-C (solo datos), 2 x USB-A, 1 x HDMI 1.4b, 1 x combo de auriculares/micrófono .

Inalámbrico: Wi-Fi 6 y Bluetooth® 5.3 para una conexión rápida y moderna .

Batería: Hasta 10 horas y 45 minutos de autonomía. Soporta carga rápida, alcanzando el 50% de carga en aproximadamente 45 minutos .

Diseño y Características Adicionales:

Cámara Web: HP True Vision 720p HD con reducción de ruido temporal y micrófonos digitales integrados para mejorar la calidad de las videollamadas .

Diseño Sostenible: Fabricada en parte con plásticos recuperados del océano y plásticos reciclados posconsumo .

Dimensiones y Peso: Aproximadamente 1.6 kg, fácil de transportar .",1,Compurama,https://imgur.com/a/hPvXanT,0008-T,638,3,,TRUE,FALSE
0009-T,Lenovo ideapad 1 15,"La Lenovo IdeaPad 1 15 es una laptop sencilla, liviana y funcional, diseñada para estudiantes, trabajo remoto y uso diario en el hogar. Equipada con un procesador Intel Core i3 de 12va generación, ofrece el equilibrio perfecto entre rendimiento y eficiencia para tareas cotidianas como navegación web, edición de documentos, videollamadas y reproducción de contenido multimedia. Su diseño delgado y portátil, junto con una generosa pantalla de 15.6 pulgadas, la convierten en una herramienta práctica para acompañarte durante todo el día.

Características Principales:

Procesador: Intel Core i3-1215U de 12ª Generación (6 núcleos: 2 de rendimiento y 4 de eficiencia, velocidad turbo máxima de hasta 4.4 GHz). Ofrece un rendimiento ágil y eficiente para multitarea básica y aplicaciones de oficina .

Pantalla: Pantalla de 15.6 pulgadas con resolución HD (1366 x 768). Cuenta con tecnología antirreflejante y biseles delgados en los laterales para una experiencia visual más inmersiva .

Memoria RAM: 8 GB DDR4 (soldada en la placa, no ampliable). Capacidad suficiente para mantener múltiples aplicaciones y pestañas del navegador abiertas sin problemas de rendimiento .

Almacenamiento: Unidad de estado sólido (SSD) M.2 PCIe NVMe de 256 GB. Ofrece arranque instantáneo del sistema, carga rápida de programas y una mayor capacidad de respuesta en comparación con los discos duros tradicionales .

Gráficos: Gráficos integrados Intel UHD Graphics, ideales para reproducción de video en alta definición y tareas cotidianas sin exigencia gráfica .

Sistema Operativo: Viene con Windows 11 Home preinstalado en modo S (optimizado para seguridad y rendimiento, con posibilidad de desactivar el modo S gratuitamente) .

Conectividad y Puertos:

Puertos: 1 x USB 3.2 Gen 1 Tipo-C, 2 x USB 3.2 Gen 1 Tipo-A, 1 x HDMI, 1 x conector de audio de 3.5 mm, 1 x lector de tarjetas SD .

Inalámbrico: Wi-Fi 6 (802.11ax) y Bluetooth 5.1 o 5.2, para conexiones rápidas y estables .

Batería: Batería integrada de 2 celdas y 42 Wh, con una autonomía que puede alcanzar hasta 8-10 horas según el uso .

Diseño y Características Adicionales:

Cámara: Cámara frontal de 720p con obturador de privacidad físico (TrueBlock Privacy Shutter) para mayor seguridad .

Audio: Altavoces estéreo con tecnología de audio de alta definición (HD Audio) .

Teclado: Teclado de tamaño completo con teclas de 1.5 mm de recorrido para una escritura cómoda. Incluye teclado numérico en algunos modelos .

Dimensiones y Peso: Diseño delgado con un peso aproximado de 1.6 kg, fácil de transportar en mochilas o maletines .

Colores: Disponible en varios colores según la región, como Gris Nube o Azul.",1,Compurama,https://imgur.com/a/uTlf6as,0009-T,"614,8",3,,TRUE,FALSE
0010-T,TP-LINK AX1500 AX12,,10,Compurama,https://imgur.com/a/W4cq9vj,0010-T,87,3,,TRUE,FALSE
0011-T,Mercusys AC10,,0,Compurama,https://imgur.com/a/KdoB8Yj,0011-T,"46,4",3,,TRUE,FALSE
0012-T,Epson Ecotank L3250,"La Epson EcoTank L3250 es una impresora multifuncional de tanque de tinta diseñada para uso doméstico y oficina en casa, que integra funciones de impresión, escaneo y copiado con conectividad inalámbrica.
Características Principales
Ahorro y Rendimiento
Ahorro de hasta 90% en costos de impresión comparado con cartuchos tradicionales
Incluye tinta para hasta 3 años de uso: 8.100 páginas en negro y 6.500 en color con el kit inicial
Sistema de tanque de tinta frontal con botellas de recarga antidesbordamiento y con bloqueo para recargas limpias y sencillas
Tecnología de Impresión
Cabezal Micro Piezo de Epson para mayor durabilidad y precisión
Resolución máxima: 5.760 x 1.440 DPI para textos nítidos y fotos vibrantes
Tecnología de gota variable de 3 pl para optimizar calidad y consumo de tinta
Tinta tipo dye en 4 colores: Negro, Cian, Magenta y Amarillo
Conectividad y Compatibilidad
Wi-Fi 802.11b/g/n y Wi-Fi Direct para impresión sin cables
Puerto USB 2.0 para conexión directa
Epson Connect: iPrint, Email Print y Remote Print Driver para impresión desde cualquier lugar
App Epson Smart Panel: configuración, monitoreo y control desde smartphone o tablet
Compatible con Windows (7/8/10/11) y macOS (10.6.8 o superior)
Soporte para impresión desde Android e iOS
Manejo de Papel y Escaneo
Papel Compatible
Formatos: A4, A5, A6, B5, Carta, Oficio, Legal, sobres (DL, C6, No. 10), 10x15 cm, 13x18 cm, y tamaños personalizados
Gramaje: 64 - 300 g/m²
Capacidad de bandeja: 100 hojas estándar / 20 hojas fotográficas
Impresión sin bordes hasta 10x15 cm
Escáner Integrado
Resolución óptica: 1.200 x 2.400 DPI
Sensor CIS (Contact Image Sensor)
Velocidad: 11 seg. (blanco y negro) / 28 seg. (color) a 200 DPI en A4
Formatos de salida: JPEG, PDF, PNG, TIFF, BMP, PICT",6,Compurama,https://imgur.com/a/4oK45iW,0012-T,"510,4",3,,TRUE,FALSE
0013-T,Epson Ecotank L1250,"La Epson EcoTank L1250 es una impresora monofuncional de inyección de tinta diseñada para el hogar y pequeñas oficinas que buscan costos de impresión extremadamente bajos. A diferencia de otros modelos multifuncionales, esta versión no cuenta con un escáner físico integrado, aunque permite escanear y copiar documentos utilizando la cámara de un dispositivo móvil a través de la aplicación Epson Smart Panel. 
Especificaciones Técnicas Principales
Según datos de Epson México y Hiraoka, las características técnicas clave incluyen:
Tecnología de impresión: Inyección de tinta Heat-Free MicroPiezo de 4 colores (CMYK).
Resolución máxima: Hasta 5,760 x 1,440 dpi, lo que permite impresiones de alta calidad en papel fotográfico.
Velocidad de impresión (ISO): 10 ppm en negro y 5 ppm a color.
Velocidad máxima (Borrador): Hasta 33 ppm en negro y 15 ppm a color.
Conectividad: USB de alta velocidad, Wi-Fi y Wi-Fi Direct (permite conectar hasta 8 dispositivos sin necesidad de un router).
Capacidad de papel: Bandeja trasera para hasta 100 hojas (A4/Carta). 
imiento y Consumibles
El sistema de tanques de tinta frontales facilita el monitoreo de los niveles y utiliza botellas de reemplazo económicas. 
Botellas compatibles: Serie de tintas Epson 544.
Rendimiento estimado: Un juego de botellas puede rendir hasta 4,500 páginas en negro y 7,500 páginas a color.
Sistema EcoFit: Las botellas tienen boquillas codificadas para un llenado sencillo, sin derrames y sin errores. 
Opiniones y Experiencia de Usuario
Pros: Usuarios en Cyberpuerta y Amazon destacan su diseño compacto y la excelente relación calidad-precio para tareas escolares y documentos. Se elogia la facilidad de instalación inicial y el ahorro significativo en tinta en comparación con sistemas de cartuchos.
Contras: Algunos críticos mencionan que la configuración inicial de la conexión inalámbrica puede ser algo compleja. Además, al no tener escáner físico, el proceso de copia mediante la aplicación móvil puede ser menos intuitivo para algunos usuarios.",6,Compurama,https://imgur.com/a/Ay0ICqf,0013-T,"359,6",3,,TRUE,FALSE
0014-T,HP DeskJet Ink Advantage 2875,"La HP DeskJet Ink Advantage 2875 es una impresora multifuncional (todo-en-uno) diseñada para uso doméstico que permite imprimir, copiar y escanear. Destaca por su conectividad inalámbrica mediante Wi-Fi y su integración con la aplicación HP Smart, facilitando la impresión desde dispositivos móviles. 
Especificaciones Técnicas
Según los datos técnicos proporcionados por el fabricante en hp.com, las características principales de este modelo son:
Funciones: Impresión, copia y escaneado.
Velocidad de impresión: Hasta 7,5 ppm en negro y 5,5 ppm en color (bajo norma ISO).
Conectividad: Wi-Fi 802.11b/g/n (banda única de 2,4 GHz) y un puerto USB 2.0 de alta velocidad.
Resolución de impresión: Hasta 1200 x 1200 ppp en negro y hasta 4800 x 1200 ppp optimizados para color.
Manejo de papel: Bandeja de entrada con capacidad para 60 hojas y bandeja de salida de 25 hojas.
Ciclo de trabajo mensual: Soporta hasta 1,000 páginas, aunque HP recomienda un volumen mensual de 50 a 100 páginas para un rendimiento óptimo. 
Consumibles y Cartuchos
Este equipo utiliza un sistema de dos cartuchos (uno negro y uno tricolor). Los modelos compatibles reportados incluyen: 
Estándar: HP 667 Negro (~120 páginas) y HP 667 Tricolor (~100 páginas).
Alto Rendimiento (XL): HP 667XL Negro (~480 páginas) y HP 667XL Tricolor (~330 páginas).
Nota de seguridad: El equipo cuenta con ""seguridad dinámica"", lo que significa que está diseñado para bloquear cartuchos que no utilicen chips o circuitos originales de HP. ",0,Compurama,https://imgur.com/a/v5RDAzi,0014-T,"192,4",3,,TRUE,FALSE
0015-T,Xerox B235,"La Xerox B235 es una impresora multifuncional láser monocromática diseñada para el teletrabajo y pequeñas empresas que buscan un equipo compacto y versátil. 
Características Principales
Funciones 4 en 1: Imprime, copia, escanea y envía fax.
Rendimiento: Alcanza velocidades de hasta 36 ppm (páginas por minuto) y cuenta con impresión automática a doble cara.
Conectividad: Incluye Wi-Fi integrado con Wi-Fi Direct, Ethernet y USB. Es compatible con Apple AirPrint, Mopria y Chromebook.
Interfaz: Pantalla táctil a color de 2.8 pulgadas para una navegación intuitiva.
Manejo de Papel: Bandeja principal de 250 hojas y alimentador automático de documentos (ADF) de 50 hojas. 
Consumibles y Soporte 
Tóner: Utiliza cartuchos de capacidad estándar (1,200 páginas), alta (3,000 páginas) y extra alta (6,000 páginas).
Drivers: Los controladores actualizados, incluyendo el instalador Xerox Smart Start, están disponibles en el portal oficial de Soporte de Xerox.",1,Compurama,https://imgur.com/a/MGIQYn1,0015-T,522,3,,TRUE,FALSE
0016-T,HP Laser MFP 137fnw,"La HP Laser MFP 137fnw es una impresora láser monocromática multifuncional (4 en 1) que permite imprimir, escanear, copiar y enviar faxes. Es un equipo compacto diseñado para hogares u oficinas pequeñas con necesidades de impresión moderadas, ofreciendo conectividad Wi-Fi, Ethernet y USB. 
Especificaciones Técnicas
Según los datos técnicos proporcionados por HP Support y Printerland, estas son sus capacidades principales:
Velocidad de Impresión: Hasta 21 páginas por minuto (ppm) en negro.
Resolución: Hasta 1200 x 1200 ppp para una calidad de texto nítida.
Manejo de Papel: Incluye una bandeja de entrada de 150 hojas y un alimentador automático de documentos (ADF) de 40 hojas para tareas manos libres.
Dúplex: La impresión a doble cara es manual (el software guía al usuario para girar el papel).
Memoria: Cuenta con 128 MB de RAM (no expandible) y un procesador de 600 MHz.
Ciclo de Trabajo: Soporta hasta 10,000 páginas mensuales, aunque el volumen recomendado es de 100 a 2,000 páginas. 
Conectividad y Funciones Inteligentes 
El modelo destaca por su versatilidad inalámbrica según detallan HP y Braincorp: 
Impresión Móvil: Compatible con la aplicación HP Smart, Apple AirPrint y Mopria, lo que permite imprimir y escanear directamente desde smartphones o tablets.
Wi-Fi Direct: Permite conectar dispositivos móviles directamente a la impresora sin necesidad de una red compartida.
Interfaz: Posee una pantalla LCD de 2 líneas y un teclado físico para gestionar funciones de copia y fax de forma sencilla. 
Consumibles y Mantenimiento
La impresora utiliza tecnología de tóner en lugar de cartuchos de tinta: 
Modelo de Tóner: Utiliza el cartucho original HP 105A Negro (W1105A), con un rendimiento aproximado de 1,000 páginas.
Sistema de Seguridad: Incluye seguridad dinámica de HP, lo que significa que está diseñada para funcionar únicamente con cartuchos que posean un chip original de HP. ",2,Compurama,https://imgur.com/a/Vs6oDbJ,0016-T,"568,4",3,,TRUE,FALSE
0019-T,Canon MF264DW,"La Canon imageCLASS MF264dw es una impresora láser monocromática multifunción (3 en 1) diseñada para el hogar y oficinas pequeñas, que destaca por su velocidad de impresión de hasta 30 ppm y su conectividad inalámbrica versátil. 
Especificaciones Técnicas Principales
Característica  Detalle
Funciones Impresión, Escaneo y Copia
Tecnología Láser Monocromática (Blanco y Negro)
Velocidad de Impresión Hasta 30 ppm (Carta) / 28 ppm (A4)
Resolución Hasta 1200 x 1200 dpi (calidad mejorada)
Dúplex Automático (impresión por ambas caras)
Manejo de Papel Casete de 250 hojas y ADF de 35 hojas (simplex)
Pantalla LCD de 5 líneas, inclinable
Características y Rendimiento
Conectividad Completa: Según Canon Latin America, incluye USB 2.0, Ethernet y Wi-Fi con soporte para Wi-Fi Direct, lo que permite imprimir desde dispositivos móviles sin necesidad de un router. Es compatible con Apple AirPrint, Mopria Print Service y la aplicación Canon PRINT Business.
Consumibles: Utiliza el cartucho de tóner Canon 051 (rendimiento estándar de ~1,700 páginas) o el 051H de alta capacidad (rendimiento de ~4,100 páginas).
Velocidad de Escaneo: Evaluada por PCMag, alcanza hasta 10.6 ipm en blanco y negro y 8.6 ipm a color, aunque el alimentador automático de documentos (ADF) solo admite escaneo por una cara (simplex).",1,Compurama,https://imgur.com/a/mTEkeVy,0017-T,"626,4",3,,TRUE,FALSE
0020-T,Mercusys AX3000,"Router Wi-Fi 6: Mercusys MR80X 
Este es el modelo de router más común con esta clasificación. Está diseñado para ofrecer una conexión estable y rápida en hogares con múltiples dispositivos. 
Rendimiento: Utiliza canales de 160 MHz para duplicar el ancho de banda y reducir la latencia en streaming 4K y juegos.
Conectividad: Incluye 1 puerto WAN Gigabit y 3 puertos LAN Gigabit para conexiones por cable de alta velocidad.
Capacidad: Soporta tecnologías MU-MIMO y OFDMA, permitiendo la conexión simultánea de hasta 256 dispositivos sin degradar el rendimiento.
Cobertura: Equipado con 4 antenas de alta ganancia y tecnología Beamforming para dirigir la señal directamente a los dispositivos conectados.",10,Compurama,https://imgur.com/a/wSuSh0N,0020-T,"110,2",3,,TRUE,FALSE
0021-T,Lenovo ideapad 1 14,Modelo de 4gb ram y 12gb ram,12,Compurama,https://imgur.com/a/tBvDyj6,0021-T,"719,2",3,,TRUE,FALSE
0022-T,Nexxus n5095,8/256gb,10,Compurama,https://imgur.com/a/ALRCabt,0022-T,"591,6",3,,TRUE,FALSE
0023-T,Nexxus ryzen 3,16/256,10,Compurama,https://imgur.com/a/brTu736,0023-T,812,3,,TRUE,FALSE
0024-T,Dell 5400 Refurbished,i5 8th 16/256,1,Compurama,https://imgur.com/a/J1R1UQh,0024-T,"742,4",3,,TRUE,FALSE
0025-T,Tablet Chuwi Aupad,,10,Compurama,https://imgur.com/a/7CUY5tl,0025-T,"342,2",3,,TRUE,FALSE
0026-T,Tablet Chuwi Hi10 Xpro,,10,Compurama,https://imgur.com/a/56qMOF4,0026-T,"255,2",3,,TRUE,FALSE
0027-T,Table Dialn G10,,0,Compurama,https://imgur.com/a/mkffDOR,0027-T,"185,6",3,,TRUE,FALSE
0028-T,Laptop Microsoft Refurbished,i5 10ma 8/256,1,Compurama,https://imgur.com/a/JVVhlvS,0028-T,638,3,,TRUE,FALSE
0029-T,Laptop Microsoft Refurbished,i5 11va 8/256,1,Compurama,https://imgur.com/a/l5VXKib,0029-T,"661,2",3,,TRUE,FALSE
0030-T,Laptop  Lenovo Refurbished x260,i7 6ta 8gb/1tb,1,Compurama,https://imgur.com/a/rVaDEi7,0030-T,580,3,,TRUE,FALSE
0031-T,Laptop Dell Refurbished,i5 4ta 8/128,4,Compurama,https://imgur.com/a/8VjdXlz,0031-T,"475,6",3,,TRUE,FALSE
0032-T,Laptop HP Probook Refurbished ,i5 4ta 8/128,1,Compurama,https://imgur.com/a/ocRFEcn,0032-T,"475,6",3,,TRUE,FALSE
0033-T,Laptop Lenovo L390 Refurbished,i5 8va 16/256,1,Compurama,https://imgur.com/a/I1sPV0c,0033-T,"707,6",3,,TRUE,FALSE
0034-T,Laptop Lenovo T440 Refurbished,i3 4ta 8/128,1,Compurama,https://imgur.com/a/MsEzrSG,0034-T,"453,56",3,,TRUE,FALSE
0035-T,PC HP Refurbisehd z240,i5 6ta 8/256,5,Compurama,https://imgur.com/a/oA4T2VB,0035-T,348,3,,TRUE,FALSE
0036-T,PC DELL Refurbisehd Optiplex 7010,i5 3ra 8/256,10,Compurama,https://imgur.com/a/LO55b6z,0036-T,"266,8",3,,TRUE,FALSE
0037-T,PC MESAS ASTRON NUEVA,i5 4ta 8/128,1,Compurama,https://imgur.com/a/iNpZpzg,0037-T,"429,2",3,,TRUE,FALSE
0038-T,Router Mercusys AC12 ,,4,Compurama,https://imgur.com/a/J0MhZCq,0038-T,"34,8",3,,TRUE,FALSE
0039-T,PC GAMER RYZEN 5 RX 470,"PC GAMER RYZEN 5 RX 470, 8gb ram, 256 m.2, fuente de poder thermaltake 80+",1,Compurama,https://imgur.com/a/3HuSwYU,0039-T,812,3,,TRUE,FALSE
0040-T,Mini UPS Marsriva KP2 EC,8000mAh,10,Compurama,https://imgur.com/a/F14dohA,0040-T,"40,6",3,,TRUE,FALSE
0041-T,Mini UPS Marsriva KP3,10000mAh,5,Compurama,https://imgur.com/a/i8BAWwl,0041-T,"52,2",3,,TRUE,FALSE
0042-T,,,,Compurama,,,,,,,
0043-T,,,,Compurama,,,,,,,
0044-T,,,,Compurama,,,,,,,
,,,,Compurama,,,,,,,
,,,,Compurama,,,,,,,
,,,,Compurama,,,,,,,
,,,,Compurama,,,,,,,
,,,,Compurama,,,,,,,
,,,,Compurama,,,,,,,
,,,,Compurama,,,,,,,
,,,,Compurama,,,,,,,
,,,,Compurama,,,,,,,
,,,,Compurama,,,,,,,
,,,,Compurama,,,,,,,
,,,,Compurama,,,,,,,
,,,,Compurama,,,,,,,
,,,,Compurama,,,,,,,
,,,,Compurama,,,,,,,
,,,,Compurama,,,,,,,
,,,,Compurama,,,,,,,
,,,,Compurama,,,,,,,
,,,,Compurama,,,,,,,
,,,,Compurama,,,,,,,
,,,,Compurama,,,,,,,
,,,,Compurama,,,,,,,
,,,,Compurama,,,,,,,
,,,,Compurama,,,,,,,
,,,,Compurama,,,,,,,
,,,,Compurama,,,,,,,
,,,,Compurama,,,,,,,
,,,,Compurama,,,,,,,
,,,,Compurama,,,,,,,
,,,,Compurama,,,,,,,
,,,,Compurama,,,,,,,
,,,,Compurama,,,,,,,
,,,,Compurama,,,,,,,
,,,,Compurama,,,,,,,
,,,,Compurama,,,,,,,
,,,,Compurama,,,,,,,
,,,,Compurama,,,,,,,
,,,,Compurama,,,,,,,
,,,,Compurama,,,,,,,
,,,,Compurama,,,,,,,
,,,,Compurama,,,,,,,
,,,,Compurama,,,,,,,
,,,,Compurama,,,,,,,
,,,,Compurama,,,,,,,
,,,,Compurama,,,,,,,
,,,,Compurama,,,,,,,
,,,,Compurama,,,,,,,
,,,,Compurama,,,,,,,
,,,,Compurama,,,,,,,
,,,,Compurama,,,,,,,
,,,,Compurama,,,,,,,
,,,,Compurama,,,,,,,
,,,,Compurama,,,,,,,
,,,,Compurama,,,,,,,
,,,,Compurama,,,,,,,
,,,,Compurama,,,,,,,
,,,,Compurama,,,,,,,
,,,,Compurama,,,,,,,
,,,,Compurama,,,,,,,
,,,,Compurama,,,,,,,
,,,,Compurama,,,,,,,
,,,,Compurama,,,,,,,
,,,,Compurama,,,,,,,
,,,,Compurama,,,,,,,
,,,,Compurama,,,,,,,
,,,,Compurama,,,,,,,
,,,,Compurama,,,,,,,
,,,,Compurama,,,,,,,
,,,,Compurama,,,,,,,
,,,,Compurama,,,,,,,
,,,,Compurama,,,,,,,
,,,,Compurama,,,,,,,
,,,,Compurama,,,,,,,
,,,,Compurama,,,,,,,
,,,,Compurama,,,,,,,
,,,,Compurama,,,,,,,
,,,,Compurama,,,,,,,
,,,,Compurama,,,,,,,
,,,,Compurama,,,,,,,
,,,,Compurama,,,,,,,
,,,,Compurama,,,,,,,
,,,,Compurama,,,,,,,
,,,,Compurama,,,,,,,
,,,,Compurama,,,,,,,
,,,,Compurama,,,,,,,
,,,,Compurama,,,,,,,
,,,,Compurama,,,,,,,
,,,,Compurama,,,,,,,
,,,,Compurama,,,,,,,
,,,,Compurama,,,,,,,
,,,,Compurama,,,,,,,
,,,,Compurama,,,,,,,
,,,,Compurama,,,,,,,
,,,,Compurama,,,,,,,
,,,,Compurama,,,,,,,
,,,,Compurama,,,,,,,
,,,,Compurama,,,,,,,
,,,,Compurama,,,,,,,
,,,,Compurama,,,,,,,
,,,,Compurama,,,,,,,
,,,,Compurama,,,,,,,
,,,,Compurama,,,,,,,
,,,,Compurama,,,,,,,
,,,,Compurama,,,,,,,
,,,,Compurama,,,,,,,
,,,,Compurama,,,,,,,
,,,,Compurama,,,,,,,
,,,,Compurama,,,,,,,
,,,,Compurama,,,,,,,
,,,,Compurama,,,,,,,
,,,,Compurama,,,,,,,
,,,,Compurama,,,,,,,
,,,,Compurama,,,,,,,
,,,,Compurama,,,,,,,
,,,,Compurama,,,,,,,
,,,,Compurama,,,,,,,
,,,,Compurama,,,,,,,
,,,,Compurama,,,,,,,
,,,,Compurama,,,,,,,
,,,,Compurama,,,,,,,
,,,,Compurama,,,,,,,
,,,,Compurama,,,,,,,
,,,,Compurama,,,,,,,
,,,,Compurama,,,,,,,
,,,,Compurama,,,,,,,
,,,,Compurama,,,,,,,
,,,,Compurama,,,,,,,
,,,,Compurama,,,,,,,
,,,,Compurama,,,,,,,
,,,,Compurama,,,,,,,
,,,,Compurama,,,,,,,
,,,,Compurama,,,,,,,
,,,,Compurama,,,,,,,
,,,,Compurama,,,,,,,
,,,,Compurama,,,,,,,
,,,,Compurama,,,,,,,
,,,,Compurama,,,,,,,
,,,,Compurama,,,,,,,
,,,,Compurama,,,,,,,
,,,,Compurama,,,,,,,
,,,,Compurama,,,,,,,
,,,,Compurama,,,,,,,
,,,,Compurama,,,,,,,
,,,,Compurama,,,,,,,
,,,,Compurama,,,,,,,
,,,,Compurama,,,,,,,
,,,,Compurama,,,,,,,
,,,,Compurama,,,,,,,
,,,,Compurama,,,,,,,
,,,,Compurama,,,,,,,
,,,,Compurama,,,,,,,
,,,,Compurama,,,,,,,
,,,,Compurama,,,,,,,
,,,,Compurama,,,,,,,
,,,,Compurama,,,,,,,
,,,,Compurama,,,,,,,
,,,,Compurama,,,,,,,
,,,,Compurama,,,,,,,
,,,,Compurama,,,,,,,
,,,,Compurama,,,,,,,
,,,,Compurama,,,,,,,
,,,,Compurama,,,,,,,
,,,,Compurama,,,,,,,
,,,,Compurama,,,,,,,
,,,,Compurama,,,,,,,
,,,,Compurama,,,,,,,
,,,,Compurama,,,,,,,
,,,,Compurama,,,,,,,
,,,,Compurama,,,,,,,
,,,,Compurama,,,,,,,
,,,,Compurama,,,,,,,
,,,,Compurama,,,,,,,
,,,,Compurama,,,,,,,
,,,,Compurama,,,,,,,
,,,,Compurama,,,,,,,
,,,,Compurama,,,,,,,
,,,,Compurama,,,,,,,
,,,,Compurama,,,,,,,
,,,,Compurama,,,,,,,
,,,,Compurama,,,,,,,
,,,,Compurama,,,,,,,
,,,,Compurama,,,,,,,
,,,,Compurama,,,,,,,
,,,,Compurama,,,,,,,
,,,,Compurama,,,,,,,
,,,,Compurama,,,,,,,
,,,,Compurama,,,,,,,
,,,,Compurama,,,,,,,
,,,,Compurama,,,,,,,
,,,,Compurama,,,,,,,
,,,,Compurama,,,,,,,
,,,,Compurama,,,,,,,
,,,,Compurama,,,,,,,
,,,,Compurama,,,,,,,
,,,,Compurama,,,,,,,
,,,,Compurama,,,,,,,
,,,,Compurama,,,,,,,
,,,,Compurama,,,,,,,
,,,,Compurama,,,,,,,
,,,,Compurama,,,,,,,
,,,,Compurama,,,,,,,
,,,,Compurama,,,,,,,
,,,,Compurama,,,,,,,
,,,,Compurama,,,,,,,
,,,,Compurama,,,,,,,
,,,,Compurama,,,,,,,
,,,,Compurama,,,,,,,
,,,,Compurama,,,,,,,
,,,,Compurama,,,,,,,
,,,,Compurama,,,,,,,
,,,,Compurama,,,,,,,
,,,,Compurama,,,,,,,
,,,,Compurama,,,,,,,
,,,,Compurama,,,,,,,
,,,,Compurama,,,,,,,
,,,,Compurama,,,,,,,
,,,,Compurama,,,,,,,
,,,,Compurama,,,,,,,
,,,,Compurama,,,,,,,
,,,,Compurama,,,,,,,
,,,,Compurama,,,,,,,
,,,,Compurama,,,,,,,
,,,,Compurama,,,,,,,
,,,,Compurama,,,,,,,
,,,,Compurama,,,,,,,
,,,,Compurama,,,,,,,
,,,,Compurama,,,,,,,
,,,,Compurama,,,,,,,
,,,,Compurama,,,,,,,
,,,,Compurama,,,,,,,
,,,,Compurama,,,,,,,
,,,,Compurama,,,,,,,
,,,,Compurama,,,,,,,
,,,,Compurama,,,,,,,
,,,,Compurama,,,,,,,
,,,,Compurama,,,,,,,
,,,,Compurama,,,,,,,
,,,,Compurama,,,,,,,
,,,,Compurama,,,,,,,
,,,,Compurama,,,,,,,
,,,,Compurama,,,,,,,
,,,,Compurama,,,,,,,
,,,,Compurama,,,,,,,
,,,,Compurama,,,,,,,
,,,,Compurama,,,,,,,
,,,,Compurama,,,,,,,
,,,,Compurama,,,,,,,
,,,,Compurama,,,,,,,